Date,Open,High,Low,Close,Adj Close,Stock,Year,Month
2016-01-04,102.61,105.37,102.0,105.35,97.94,Apple,2016,1
2016-01-05,105.75,105.85,102.41,102.71,95.49,Apple,2016,1
2016-01-06,100.56,102.37,99.87,100.7,93.62,Apple,2016,1
2016-01-07,98.68,100.13,96.43,96.45,89.67,Apple,2016,1
2016-01-08,98.55,99.11,96.76,96.96,90.14,Apple,2016,1
2016-01-11,98.97,99.06,97.34,98.53,91.6,Apple,2016,1
2016-01-12,100.55,100.69,98.84,99.96,92.93,Apple,2016,1
2016-01-13,100.32,101.19,97.3,97.39,90.54,Apple,2016,1
2016-01-14,97.96,100.48,95.74,99.52,92.52,Apple,2016,1
2016-01-15,96.2,97.71,95.36,97.13,90.3,Apple,2016,1
2016-01-19,98.41,98.65,95.5,96.66,89.86,Apple,2016,1
2016-01-20,95.1,98.19,93.42,96.79,89.98,Apple,2016,1
2016-01-21,97.06,97.88,94.94,96.3,89.53,Apple,2016,1
2016-01-22,98.63,101.46,98.37,101.42,94.29,Apple,2016,1
2016-01-25,101.52,101.53,99.21,99.44,92.45,Apple,2016,1
2016-01-26,99.93,100.88,98.07,99.99,92.96,Apple,2016,1
2016-01-27,96.04,96.63,93.34,93.42,86.85,Apple,2016,1
2016-01-28,93.79,94.52,92.39,94.09,87.47,Apple,2016,1
2016-01-29,94.79,97.34,94.35,97.34,90.49,Apple,2016,1
2016-02-01,96.47,96.71,95.4,96.43,89.65,Apple,2016,2
2016-02-02,95.42,96.04,94.28,94.48,87.83,Apple,2016,2
2016-02-03,95.0,96.84,94.08,96.35,89.57,Apple,2016,2
2016-02-04,95.86,97.33,95.19,96.6,90.29,Apple,2016,2
2016-02-05,96.52,96.92,93.69,94.02,87.88,Apple,2016,2
2016-02-08,93.13,95.7,93.04,95.01,88.8,Apple,2016,2
2016-02-09,94.29,95.94,93.93,94.99,88.78,Apple,2016,2
2016-02-10,95.92,96.35,94.1,94.27,88.11,Apple,2016,2
2016-02-11,93.79,94.72,92.59,93.7,87.58,Apple,2016,2
2016-02-12,94.19,94.5,93.01,93.99,87.85,Apple,2016,2
2016-02-16,95.02,96.85,94.61,96.64,90.33,Apple,2016,2
2016-02-17,96.67,98.21,96.15,98.12,91.71,Apple,2016,2
2016-02-18,98.84,98.89,96.09,96.26,89.97,Apple,2016,2
2016-02-19,96.0,96.76,95.8,96.04,89.77,Apple,2016,2
2016-02-22,96.31,96.9,95.92,96.88,90.55,Apple,2016,2
2016-02-23,96.4,96.5,94.55,94.69,88.5,Apple,2016,2
2016-02-24,93.98,96.38,93.32,96.1,89.82,Apple,2016,2
2016-02-25,96.05,96.76,95.25,96.76,90.44,Apple,2016,2
2016-02-26,97.2,98.02,96.58,96.91,90.58,Apple,2016,2
2016-02-29,96.86,98.23,96.65,96.69,90.37,Apple,2016,2
2016-03-01,97.65,100.77,97.42,100.53,93.96,Apple,2016,3
2016-03-02,100.51,100.89,99.64,100.75,94.17,Apple,2016,3
2016-03-03,100.58,101.71,100.45,101.5,94.87,Apple,2016,3
2016-03-04,102.37,103.75,101.37,103.01,96.28,Apple,2016,3
2016-03-07,102.39,102.83,100.96,101.87,95.21,Apple,2016,3
2016-03-08,100.78,101.76,100.4,101.03,94.43,Apple,2016,3
2016-03-09,101.31,101.58,100.27,101.12,94.51,Apple,2016,3
2016-03-10,101.41,102.24,100.15,101.17,94.56,Apple,2016,3
2016-03-11,102.24,102.28,101.5,102.26,95.58,Apple,2016,3
2016-03-14,101.91,102.91,101.78,102.52,95.82,Apple,2016,3
2016-03-15,103.96,105.18,103.85,104.58,97.75,Apple,2016,3
2016-03-16,104.61,106.31,104.59,105.97,99.05,Apple,2016,3
2016-03-17,105.52,106.47,104.96,105.8,98.89,Apple,2016,3
2016-03-18,106.34,106.5,105.19,105.92,99.0,Apple,2016,3
2016-03-21,105.93,107.65,105.14,105.91,98.99,Apple,2016,3
2016-03-22,105.25,107.29,105.21,106.72,99.75,Apple,2016,3
2016-03-23,106.48,107.07,105.9,106.13,99.2,Apple,2016,3
2016-03-24,105.47,106.25,104.89,105.67,98.77,Apple,2016,3
2016-03-28,106.0,106.19,105.06,105.19,98.32,Apple,2016,3
2016-03-29,104.89,107.79,104.88,107.68,100.65,Apple,2016,3
2016-03-30,108.65,110.42,108.6,109.56,102.4,Apple,2016,3
2016-03-31,109.72,109.9,108.88,108.99,101.87,Apple,2016,3
2016-04-01,108.78,110.0,108.2,109.99,102.8,Apple,2016,4
2016-04-04,110.42,112.19,110.27,111.12,103.86,Apple,2016,4
2016-04-05,109.51,110.73,109.42,109.81,102.64,Apple,2016,4
2016-04-06,110.23,110.98,109.2,110.96,103.71,Apple,2016,4
2016-04-07,109.95,110.42,108.12,108.54,101.45,Apple,2016,4
2016-04-08,108.91,109.77,108.17,108.66,101.56,Apple,2016,4
2016-04-11,108.97,110.61,108.83,109.02,101.9,Apple,2016,4
2016-04-12,109.34,110.5,108.66,110.44,103.23,Apple,2016,4
2016-04-13,110.8,112.34,110.8,112.04,104.72,Apple,2016,4
2016-04-14,111.62,112.39,111.33,112.1,104.78,Apple,2016,4
2016-04-15,112.11,112.3,109.73,109.85,102.67,Apple,2016,4
2016-04-18,108.89,108.95,106.94,107.48,100.46,Apple,2016,4
2016-04-19,107.88,108.0,106.23,106.91,99.93,Apple,2016,4
2016-04-20,106.64,108.09,106.06,107.13,100.13,Apple,2016,4
2016-04-21,106.93,106.93,105.52,105.97,99.05,Apple,2016,4
2016-04-22,105.01,106.48,104.62,105.68,98.78,Apple,2016,4
2016-04-25,105.0,105.65,104.51,105.08,98.22,Apple,2016,4
2016-04-26,103.91,105.3,103.91,104.35,97.53,Apple,2016,4
2016-04-27,96.0,98.71,95.68,97.82,91.43,Apple,2016,4
2016-04-28,97.61,97.88,94.25,94.83,88.63,Apple,2016,4
2016-04-29,93.99,94.72,92.51,93.74,87.62,Apple,2016,4
2016-05-02,93.96,94.08,92.4,93.64,87.52,Apple,2016,5
2016-05-03,94.2,95.74,93.68,95.18,88.96,Apple,2016,5
2016-05-04,95.2,95.9,93.82,94.19,88.04,Apple,2016,5
2016-05-05,94.0,94.07,92.68,93.24,87.68,Apple,2016,5
2016-05-06,93.37,93.45,91.85,92.72,87.19,Apple,2016,5
2016-05-09,93.0,93.77,92.59,92.79,87.26,Apple,2016,5
2016-05-10,93.33,93.57,92.11,93.42,87.85,Apple,2016,5
2016-05-11,93.48,93.57,92.46,92.51,86.99,Apple,2016,5
2016-05-12,92.72,92.78,89.47,90.34,84.95,Apple,2016,5
2016-05-13,90.0,91.67,90.0,90.52,85.12,Apple,2016,5
2016-05-16,92.39,94.39,91.65,93.88,88.28,Apple,2016,5
2016-05-17,94.55,94.7,93.01,93.49,87.92,Apple,2016,5
2016-05-18,94.16,95.21,93.89,94.56,88.92,Apple,2016,5
2016-05-19,94.64,94.64,93.57,94.2,88.58,Apple,2016,5
2016-05-20,94.64,95.43,94.52,95.22,89.54,Apple,2016,5
2016-05-23,95.87,97.19,95.67,96.43,90.68,Apple,2016,5
2016-05-24,97.22,98.09,96.84,97.9,92.06,Apple,2016,5
2016-05-25,98.67,99.74,98.11,99.62,93.68,Apple,2016,5
2016-05-26,99.68,100.73,98.64,100.41,94.42,Apple,2016,5
2016-05-27,99.44,100.47,99.24,100.35,94.37,Apple,2016,5
2016-05-31,99.6,100.4,98.82,99.86,93.91,Apple,2016,5
2016-06-01,99.02,99.54,98.33,98.46,92.59,Apple,2016,6
2016-06-02,97.6,97.84,96.63,97.72,91.89,Apple,2016,6
2016-06-03,97.79,98.27,97.45,97.92,92.08,Apple,2016,6
2016-06-06,97.99,101.89,97.55,98.63,92.75,Apple,2016,6
2016-06-07,99.25,99.87,98.96,99.03,93.13,Apple,2016,6
2016-06-08,99.02,99.56,98.68,98.94,93.04,Apple,2016,6
2016-06-09,98.5,99.99,98.46,99.65,93.71,Apple,2016,6
2016-06-10,98.53,99.35,98.48,98.83,92.94,Apple,2016,6
2016-06-13,98.69,99.12,97.1,97.34,91.54,Apple,2016,6
2016-06-14,97.32,98.48,96.75,97.46,91.65,Apple,2016,6
2016-06-15,97.82,98.41,97.03,97.14,91.35,Apple,2016,6
2016-06-16,96.45,97.75,96.07,97.55,91.73,Apple,2016,6
2016-06-17,96.62,96.65,95.3,95.33,89.65,Apple,2016,6
2016-06-20,96.0,96.57,95.03,95.1,89.43,Apple,2016,6
2016-06-21,94.94,96.35,94.68,95.91,90.19,Apple,2016,6
2016-06-22,96.25,96.89,95.35,95.55,89.85,Apple,2016,6
2016-06-23,95.94,96.29,95.25,96.1,90.37,Apple,2016,6
2016-06-24,92.91,94.66,92.65,93.4,87.83,Apple,2016,6
2016-06-27,93.0,93.05,91.5,92.04,86.55,Apple,2016,6
2016-06-28,92.9,93.66,92.14,93.59,88.01,Apple,2016,6
2016-06-29,93.97,94.55,93.63,94.4,88.77,Apple,2016,6
2016-06-30,94.44,95.77,94.3,95.6,89.9,Apple,2016,6
2016-07-01,95.49,96.46,95.33,95.89,90.17,Apple,2016,7
2016-07-05,95.39,95.4,94.46,94.99,89.33,Apple,2016,7
2016-07-06,94.6,95.66,94.37,95.53,89.83,Apple,2016,7
2016-07-07,95.7,96.5,95.62,95.94,90.22,Apple,2016,7
2016-07-08,96.49,96.89,96.05,96.68,90.92,Apple,2016,7
2016-07-11,96.75,97.65,96.73,96.98,91.2,Apple,2016,7
2016-07-12,97.17,97.7,97.12,97.42,91.61,Apple,2016,7
2016-07-13,97.41,97.67,96.84,96.87,91.1,Apple,2016,7
2016-07-14,97.39,98.99,97.32,98.79,92.9,Apple,2016,7
2016-07-15,98.92,99.3,98.5,98.78,92.89,Apple,2016,7
2016-07-18,98.7,100.13,98.6,99.83,93.88,Apple,2016,7
2016-07-19,99.56,100.0,99.34,99.87,93.92,Apple,2016,7
2016-07-20,100.0,100.46,99.74,99.96,94.0,Apple,2016,7
2016-07-21,99.83,101.0,99.13,99.43,93.5,Apple,2016,7
2016-07-22,99.26,99.3,98.31,98.66,92.78,Apple,2016,7
2016-07-25,98.25,98.84,96.92,97.34,91.54,Apple,2016,7
2016-07-26,96.82,97.97,96.42,96.67,90.91,Apple,2016,7
2016-07-27,104.26,104.35,102.75,102.95,96.81,Apple,2016,7
2016-07-28,102.83,104.45,102.82,104.34,98.12,Apple,2016,7
2016-07-29,104.19,104.55,103.68,104.21,98.0,Apple,2016,7
2016-08-01,104.41,106.15,104.41,106.05,99.73,Apple,2016,8
2016-08-02,106.05,106.07,104.0,104.48,98.25,Apple,2016,8
2016-08-03,104.81,105.84,104.77,105.79,99.48,Apple,2016,8
2016-08-04,105.58,106.0,105.28,105.87,100.09,Apple,2016,8
2016-08-05,106.27,107.65,106.18,107.48,101.62,Apple,2016,8
2016-08-08,107.52,108.37,107.16,108.37,102.46,Apple,2016,8
2016-08-09,108.23,108.94,108.01,108.81,102.87,Apple,2016,8
2016-08-10,108.71,108.9,107.76,108.0,102.11,Apple,2016,8
2016-08-11,108.52,108.93,107.85,107.93,102.04,Apple,2016,8
2016-08-12,107.78,108.44,107.78,108.18,102.28,Apple,2016,8
2016-08-15,108.14,109.54,108.08,109.48,103.51,Apple,2016,8
2016-08-16,109.63,110.23,109.21,109.38,103.41,Apple,2016,8
2016-08-17,109.1,109.37,108.34,109.22,103.26,Apple,2016,8
2016-08-18,109.23,109.6,109.02,109.08,103.13,Apple,2016,8
2016-08-19,108.77,109.69,108.36,109.36,103.39,Apple,2016,8
2016-08-22,108.86,109.1,107.85,108.51,102.59,Apple,2016,8
2016-08-23,108.59,109.32,108.53,108.85,102.91,Apple,2016,8
2016-08-24,108.56,108.75,107.68,108.03,102.14,Apple,2016,8
2016-08-25,107.39,107.88,106.68,107.57,101.7,Apple,2016,8
2016-08-26,107.41,107.95,106.31,106.94,101.11,Apple,2016,8
2016-08-29,106.62,107.44,106.29,106.82,100.99,Apple,2016,8
2016-08-30,105.8,106.5,105.5,106.0,100.22,Apple,2016,8
2016-08-31,105.66,106.57,105.64,106.1,100.31,Apple,2016,8
2016-09-01,106.14,106.8,105.62,106.73,100.91,Apple,2016,9
2016-09-02,107.7,108.0,106.82,107.73,101.85,Apple,2016,9
2016-09-06,107.9,108.3,107.51,107.7,101.82,Apple,2016,9
2016-09-07,107.83,108.76,107.07,108.36,102.45,Apple,2016,9
2016-09-08,107.25,107.27,105.24,105.52,99.76,Apple,2016,9
2016-09-09,104.64,105.72,103.13,103.13,97.5,Apple,2016,9
2016-09-12,102.65,105.72,102.53,105.44,99.69,Apple,2016,9
2016-09-13,107.51,108.79,107.24,107.95,102.06,Apple,2016,9
2016-09-14,108.73,113.03,108.6,111.77,105.67,Apple,2016,9
2016-09-15,113.86,115.73,113.49,115.57,109.27,Apple,2016,9
2016-09-16,115.12,116.13,114.04,114.92,108.65,Apple,2016,9
2016-09-19,115.19,116.18,113.25,113.58,107.38,Apple,2016,9
2016-09-20,113.05,114.12,112.51,113.57,107.37,Apple,2016,9
2016-09-21,113.85,113.99,112.44,113.55,107.36,Apple,2016,9
2016-09-22,114.35,114.94,114.0,114.62,108.37,Apple,2016,9
2016-09-23,114.42,114.79,111.55,112.71,106.56,Apple,2016,9
2016-09-26,111.64,113.39,111.55,112.88,106.72,Apple,2016,9
2016-09-27,113.0,113.18,112.34,113.09,106.92,Apple,2016,9
2016-09-28,113.69,114.64,113.43,113.95,107.73,Apple,2016,9
2016-09-29,113.16,113.8,111.8,112.18,106.06,Apple,2016,9
2016-09-30,112.46,113.37,111.8,113.05,106.88,Apple,2016,9
2016-10-03,112.71,113.05,112.28,112.52,106.38,Apple,2016,10
2016-10-04,113.06,114.31,112.63,113.0,106.84,Apple,2016,10
2016-10-05,113.4,113.66,112.69,113.05,106.88,Apple,2016,10
2016-10-06,113.7,114.34,113.13,113.89,107.68,Apple,2016,10
2016-10-07,114.31,114.56,113.51,114.06,107.84,Apple,2016,10
2016-10-10,115.02,116.75,114.72,116.05,109.72,Apple,2016,10
2016-10-11,117.7,118.69,116.2,116.3,109.96,Apple,2016,10
2016-10-12,117.35,117.98,116.75,117.34,110.94,Apple,2016,10
2016-10-13,116.79,117.44,115.72,116.98,110.6,Apple,2016,10
2016-10-14,117.88,118.17,117.13,117.63,111.21,Apple,2016,10
2016-10-17,117.33,117.84,116.78,117.55,111.14,Apple,2016,10
2016-10-18,118.18,118.21,117.45,117.47,111.06,Apple,2016,10
2016-10-19,117.25,117.76,113.8,117.12,110.73,Apple,2016,10
2016-10-20,116.86,117.38,116.33,117.06,110.67,Apple,2016,10
2016-10-21,116.81,116.91,116.28,116.6,110.24,Apple,2016,10
2016-10-24,117.1,117.74,117.0,117.65,111.23,Apple,2016,10
2016-10-25,117.95,118.36,117.31,118.25,111.8,Apple,2016,10
2016-10-26,114.31,115.7,113.31,115.59,109.28,Apple,2016,10
2016-10-27,115.39,115.86,114.1,114.48,108.23,Apple,2016,10
2016-10-28,113.87,115.21,113.45,113.72,107.52,Apple,2016,10
2016-10-31,113.65,114.23,113.2,113.54,107.35,Apple,2016,10
2016-11-01,113.46,113.77,110.53,111.49,105.41,Apple,2016,11
2016-11-02,111.4,112.35,111.23,111.59,105.5,Apple,2016,11
2016-11-03,110.98,111.46,109.55,109.83,104.38,Apple,2016,11
2016-11-04,108.53,110.25,108.11,108.84,103.44,Apple,2016,11
2016-11-07,110.08,110.51,109.46,110.41,104.93,Apple,2016,11
2016-11-08,110.31,111.72,109.7,111.06,105.55,Apple,2016,11
2016-11-09,109.88,111.32,108.05,110.88,105.38,Apple,2016,11
2016-11-10,111.09,111.09,105.83,107.79,102.44,Apple,2016,11
2016-11-11,107.12,108.87,106.55,108.43,103.05,Apple,2016,11
2016-11-14,107.71,107.81,104.08,105.71,100.46,Apple,2016,11
2016-11-15,106.57,107.68,106.16,107.11,101.79,Apple,2016,11
2016-11-16,106.7,110.23,106.6,109.99,104.53,Apple,2016,11
2016-11-17,109.81,110.35,108.83,109.95,104.49,Apple,2016,11
2016-11-18,109.72,110.54,109.66,110.06,104.6,Apple,2016,11
2016-11-21,110.12,111.99,110.01,111.73,106.18,Apple,2016,11
2016-11-22,111.95,112.42,111.4,111.8,106.25,Apple,2016,11
2016-11-23,111.36,111.51,110.33,111.23,105.71,Apple,2016,11
2016-11-25,111.13,111.87,110.95,111.79,106.24,Apple,2016,11
2016-11-28,111.43,112.46,111.39,111.57,106.03,Apple,2016,11
2016-11-29,110.78,112.03,110.07,111.46,105.93,Apple,2016,11
2016-11-30,111.6,112.2,110.27,110.52,105.03,Apple,2016,11
2016-12-01,110.36,110.94,109.03,109.49,104.05,Apple,2016,12
2016-12-02,109.17,110.09,108.85,109.9,104.44,Apple,2016,12
2016-12-05,110.0,110.03,108.25,109.11,103.69,Apple,2016,12
2016-12-06,109.5,110.36,109.19,109.95,104.49,Apple,2016,12
2016-12-07,109.26,111.19,109.16,111.03,105.52,Apple,2016,12
2016-12-08,110.86,112.43,110.6,112.12,106.55,Apple,2016,12
2016-12-09,112.31,114.7,112.31,113.95,108.29,Apple,2016,12
2016-12-12,113.29,115.0,112.49,113.3,107.68,Apple,2016,12
2016-12-13,113.84,115.92,113.75,115.19,109.47,Apple,2016,12
2016-12-14,115.04,116.2,114.98,115.19,109.47,Apple,2016,12
2016-12-15,115.38,116.73,115.23,115.82,110.07,Apple,2016,12
2016-12-16,116.47,116.5,115.64,115.97,110.21,Apple,2016,12
2016-12-19,115.8,117.38,115.75,116.64,110.85,Apple,2016,12
2016-12-20,116.74,117.5,116.68,116.95,111.14,Apple,2016,12
2016-12-21,116.8,117.4,116.78,117.06,111.25,Apple,2016,12
2016-12-22,116.35,116.51,115.64,116.29,110.52,Apple,2016,12
2016-12-23,115.59,116.52,115.59,116.52,110.74,Apple,2016,12
2016-12-27,116.52,117.8,116.49,117.26,111.44,Apple,2016,12
2016-12-28,117.52,118.02,116.2,116.76,110.96,Apple,2016,12
2016-12-29,116.45,117.11,116.4,116.73,110.93,Apple,2016,12
2016-12-30,116.65,117.2,115.43,115.82,110.07,Apple,2016,12
2017-01-03,115.8,116.33,114.76,116.15,110.38,Apple,2017,1
2017-01-04,115.85,116.51,115.75,116.02,110.26,Apple,2017,1
2017-01-05,115.92,116.86,115.81,116.61,110.82,Apple,2017,1
2017-01-06,116.78,118.16,116.47,117.91,112.06,Apple,2017,1
2017-01-09,117.95,119.43,117.94,118.99,113.08,Apple,2017,1
2017-01-10,118.77,119.38,118.3,119.11,113.2,Apple,2017,1
2017-01-11,118.74,119.93,118.6,119.75,113.8,Apple,2017,1
2017-01-12,118.9,119.3,118.21,119.25,113.33,Apple,2017,1
2017-01-13,119.11,119.62,118.81,119.04,113.13,Apple,2017,1
2017-01-17,118.34,120.24,118.22,120.0,114.04,Apple,2017,1
2017-01-18,120.0,120.5,119.71,119.99,114.03,Apple,2017,1
2017-01-19,119.4,120.09,119.37,119.78,113.83,Apple,2017,1
2017-01-20,120.45,120.45,119.73,120.0,114.04,Apple,2017,1
2017-01-23,120.0,120.81,119.77,120.08,114.12,Apple,2017,1
2017-01-24,119.55,120.1,119.5,119.97,114.01,Apple,2017,1
2017-01-25,120.42,122.1,120.28,121.88,115.83,Apple,2017,1
2017-01-26,121.67,122.44,121.6,121.94,115.89,Apple,2017,1
2017-01-27,122.14,122.35,121.6,121.95,115.9,Apple,2017,1
2017-01-30,120.93,121.63,120.66,121.63,115.59,Apple,2017,1
2017-01-31,121.15,121.39,120.62,121.35,115.33,Apple,2017,1
2017-02-01,127.03,130.49,127.01,128.75,122.36,Apple,2017,2
2017-02-02,127.98,129.39,127.78,128.53,122.15,Apple,2017,2
2017-02-03,128.31,129.19,128.16,129.08,122.67,Apple,2017,2
2017-02-06,129.13,130.5,128.9,130.29,123.82,Apple,2017,2
2017-02-07,130.54,132.09,130.45,131.53,125.0,Apple,2017,2
2017-02-08,131.35,132.22,131.22,132.04,125.48,Apple,2017,2
2017-02-09,131.65,132.44,131.12,132.42,126.39,Apple,2017,2
2017-02-10,132.46,132.94,132.05,132.12,126.1,Apple,2017,2
2017-02-13,133.08,133.82,132.75,133.29,127.22,Apple,2017,2
2017-02-14,133.47,135.09,133.25,135.02,128.87,Apple,2017,2
2017-02-15,135.52,136.27,134.62,135.51,129.34,Apple,2017,2
2017-02-16,135.67,135.9,134.84,135.34,129.18,Apple,2017,2
2017-02-17,135.1,135.83,135.1,135.72,129.54,Apple,2017,2
2017-02-21,136.23,136.75,135.98,136.7,130.47,Apple,2017,2
2017-02-22,136.43,137.12,136.11,137.11,130.86,Apple,2017,2
2017-02-23,137.38,137.48,136.3,136.53,130.31,Apple,2017,2
2017-02-24,135.91,136.66,135.28,136.66,130.43,Apple,2017,2
2017-02-27,137.14,137.44,136.28,136.93,130.69,Apple,2017,2
2017-02-28,137.08,137.44,136.7,136.99,130.75,Apple,2017,2
2017-03-01,137.89,140.15,137.6,139.79,133.42,Apple,2017,3
2017-03-02,140.0,140.28,138.76,138.96,132.63,Apple,2017,3
2017-03-03,138.78,139.83,138.59,139.78,133.41,Apple,2017,3
2017-03-06,139.36,139.77,138.6,139.34,132.99,Apple,2017,3
2017-03-07,139.06,139.98,138.79,139.52,133.16,Apple,2017,3
2017-03-08,138.95,139.8,138.82,139.0,132.67,Apple,2017,3
2017-03-09,138.74,138.79,137.05,138.68,132.36,Apple,2017,3
2017-03-10,139.25,139.36,138.64,139.14,132.8,Apple,2017,3
2017-03-13,138.85,139.43,138.82,139.2,132.86,Apple,2017,3
2017-03-14,139.3,139.65,138.84,138.99,132.66,Apple,2017,3
2017-03-15,139.41,140.75,139.02,140.46,134.06,Apple,2017,3
2017-03-16,140.72,141.02,140.26,140.69,134.28,Apple,2017,3
2017-03-17,141.0,141.0,139.89,139.99,133.61,Apple,2017,3
2017-03-20,140.4,141.5,140.23,141.46,135.02,Apple,2017,3
2017-03-21,142.11,142.8,139.73,139.84,133.47,Apple,2017,3
2017-03-22,139.84,141.6,139.76,141.42,134.98,Apple,2017,3
2017-03-23,141.26,141.58,140.61,140.92,134.5,Apple,2017,3
2017-03-24,141.5,141.74,140.35,140.64,134.23,Apple,2017,3
2017-03-27,139.39,141.22,138.62,140.88,134.46,Apple,2017,3
2017-03-28,140.91,144.04,140.62,143.8,137.25,Apple,2017,3
2017-03-29,143.68,144.49,143.19,144.12,137.55,Apple,2017,3
2017-03-30,144.19,144.5,143.5,143.93,137.37,Apple,2017,3
2017-03-31,143.72,144.27,143.01,143.66,137.12,Apple,2017,3
2017-04-03,143.71,144.12,143.05,143.7,137.15,Apple,2017,4
2017-04-04,143.25,144.89,143.17,144.77,138.18,Apple,2017,4
2017-04-05,144.22,145.46,143.81,144.02,137.46,Apple,2017,4
2017-04-06,144.29,144.52,143.45,143.66,137.12,Apple,2017,4
2017-04-07,143.73,144.18,143.27,143.34,136.81,Apple,2017,4
2017-04-10,143.6,143.88,142.9,143.17,136.65,Apple,2017,4
2017-04-11,142.94,143.35,140.06,141.63,135.18,Apple,2017,4
2017-04-12,141.6,142.15,141.01,141.8,135.34,Apple,2017,4
2017-04-13,141.91,142.38,141.05,141.05,134.62,Apple,2017,4
2017-04-17,141.48,141.88,140.87,141.83,135.37,Apple,2017,4
2017-04-18,141.41,142.04,141.11,141.2,134.77,Apple,2017,4
2017-04-19,141.88,142.0,140.45,140.68,134.27,Apple,2017,4
2017-04-20,141.22,142.92,141.16,142.44,135.95,Apple,2017,4
2017-04-21,142.44,142.68,141.85,142.27,135.79,Apple,2017,4
2017-04-24,143.5,143.95,143.18,143.64,137.1,Apple,2017,4
2017-04-25,143.91,144.9,143.87,144.53,137.95,Apple,2017,4
2017-04-26,144.47,144.6,143.38,143.68,137.13,Apple,2017,4
2017-04-27,143.92,144.16,143.31,143.79,137.24,Apple,2017,4
2017-04-28,144.09,144.3,143.27,143.65,137.11,Apple,2017,4
2017-05-01,145.1,147.2,144.96,146.58,139.9,Apple,2017,5
2017-05-02,147.54,148.09,146.84,147.51,140.79,Apple,2017,5
2017-05-03,145.59,147.49,144.27,147.06,140.36,Apple,2017,5
2017-05-04,146.52,147.14,145.81,146.53,139.85,Apple,2017,5
2017-05-05,146.76,148.98,146.76,148.96,142.17,Apple,2017,5
2017-05-08,149.03,153.7,149.03,153.01,146.04,Apple,2017,5
2017-05-09,153.87,154.88,153.45,153.99,146.98,Apple,2017,5
2017-05-10,153.63,153.94,152.11,153.26,146.28,Apple,2017,5
2017-05-11,152.45,154.07,152.31,153.95,147.54,Apple,2017,5
2017-05-12,154.7,156.42,154.67,156.1,149.6,Apple,2017,5
2017-05-15,156.01,156.65,155.05,155.7,149.22,Apple,2017,5
2017-05-16,155.94,156.06,154.72,155.47,148.99,Apple,2017,5
2017-05-17,153.6,154.57,149.71,150.25,143.99,Apple,2017,5
2017-05-18,151.27,153.34,151.13,152.54,146.19,Apple,2017,5
2017-05-19,153.38,153.98,152.63,153.06,146.69,Apple,2017,5
2017-05-22,154.0,154.58,152.91,153.99,147.58,Apple,2017,5
2017-05-23,154.9,154.9,153.31,153.8,147.39,Apple,2017,5
2017-05-24,153.84,154.17,152.67,153.34,146.95,Apple,2017,5
2017-05-25,153.73,154.35,153.03,153.87,147.46,Apple,2017,5
2017-05-26,154.0,154.24,153.31,153.61,147.21,Apple,2017,5
2017-05-30,153.42,154.43,153.33,153.67,147.27,Apple,2017,5
2017-05-31,153.97,154.17,152.38,152.76,146.4,Apple,2017,5
2017-06-01,153.17,153.33,152.22,153.18,146.8,Apple,2017,6
2017-06-02,153.58,155.45,152.89,155.45,148.98,Apple,2017,6
2017-06-05,154.34,154.45,153.46,153.93,147.52,Apple,2017,6
2017-06-06,153.9,155.81,153.78,154.45,148.02,Apple,2017,6
2017-06-07,155.02,155.98,154.48,155.37,148.9,Apple,2017,6
2017-06-08,155.25,155.54,154.4,154.99,148.53,Apple,2017,6
2017-06-09,155.19,155.19,146.02,148.98,142.78,Apple,2017,6
2017-06-12,145.74,146.09,142.51,145.42,139.36,Apple,2017,6
2017-06-13,147.16,147.45,145.15,146.59,140.48,Apple,2017,6
2017-06-14,147.5,147.5,143.84,145.16,139.11,Apple,2017,6
2017-06-15,143.32,144.48,142.21,144.29,138.28,Apple,2017,6
2017-06-16,143.78,144.5,142.2,142.27,136.34,Apple,2017,6
2017-06-19,143.66,146.74,143.66,146.34,140.25,Apple,2017,6
2017-06-20,146.87,146.87,144.94,145.01,138.97,Apple,2017,6
2017-06-21,145.52,146.07,144.61,145.87,139.79,Apple,2017,6
2017-06-22,145.77,146.7,145.12,145.63,139.56,Apple,2017,6
2017-06-23,145.13,147.16,145.11,146.28,140.19,Apple,2017,6
2017-06-26,147.17,148.28,145.38,145.82,139.75,Apple,2017,6
2017-06-27,145.01,146.16,143.62,143.73,137.74,Apple,2017,6
2017-06-28,144.49,146.11,143.16,145.83,139.76,Apple,2017,6
2017-06-29,144.71,145.13,142.28,143.68,137.7,Apple,2017,6
2017-06-30,144.45,144.96,143.78,144.02,138.02,Apple,2017,6
2017-07-03,144.88,145.3,143.1,143.5,137.52,Apple,2017,7
2017-07-05,143.69,144.79,142.72,144.09,138.09,Apple,2017,7
2017-07-06,143.02,143.5,142.41,142.73,136.79,Apple,2017,7
2017-07-07,142.9,144.75,142.9,144.18,138.18,Apple,2017,7
2017-07-10,144.11,145.95,143.37,145.06,139.02,Apple,2017,7
2017-07-11,144.73,145.85,144.38,145.53,139.47,Apple,2017,7
2017-07-12,145.87,146.18,144.82,145.74,139.67,Apple,2017,7
2017-07-13,145.5,148.49,145.44,147.77,141.62,Apple,2017,7
2017-07-14,147.97,149.33,147.33,149.04,142.83,Apple,2017,7
2017-07-17,148.82,150.9,148.57,149.56,143.33,Apple,2017,7
2017-07-18,149.2,150.13,148.67,150.08,143.83,Apple,2017,7
2017-07-19,150.48,151.42,149.95,151.02,144.73,Apple,2017,7
2017-07-20,151.5,151.74,150.19,150.34,144.08,Apple,2017,7
2017-07-21,149.99,150.44,148.88,150.27,144.01,Apple,2017,7
2017-07-24,150.58,152.44,149.9,152.09,145.76,Apple,2017,7
2017-07-25,151.8,153.84,151.8,152.74,146.38,Apple,2017,7
2017-07-26,153.35,153.93,153.06,153.46,147.07,Apple,2017,7
2017-07-27,153.75,153.99,147.3,150.56,144.29,Apple,2017,7
2017-07-28,149.89,150.23,149.19,149.5,143.27,Apple,2017,7
2017-07-31,149.9,150.33,148.13,148.73,142.54,Apple,2017,7
2017-08-01,149.1,150.22,148.41,150.05,143.8,Apple,2017,8
2017-08-02,159.28,159.75,156.16,157.14,150.6,Apple,2017,8
2017-08-03,157.05,157.21,155.02,155.57,149.09,Apple,2017,8
2017-08-04,156.07,157.4,155.69,156.39,149.88,Apple,2017,8
2017-08-07,157.06,158.92,156.67,158.81,152.2,Apple,2017,8
2017-08-08,158.6,161.83,158.27,160.08,153.41,Apple,2017,8
2017-08-09,159.26,161.27,159.11,161.06,154.35,Apple,2017,8
2017-08-10,159.9,160.0,154.63,155.32,149.45,Apple,2017,8
2017-08-11,156.6,158.57,156.07,157.48,151.53,Apple,2017,8
2017-08-14,159.32,160.21,158.75,159.85,153.81,Apple,2017,8
2017-08-15,160.66,162.2,160.14,161.6,155.5,Apple,2017,8
2017-08-16,161.94,162.51,160.15,160.95,154.87,Apple,2017,8
2017-08-17,160.52,160.71,157.84,157.86,151.9,Apple,2017,8
2017-08-18,157.86,159.5,156.72,157.5,151.55,Apple,2017,8
2017-08-21,157.5,157.89,155.11,157.21,151.27,Apple,2017,8
2017-08-22,158.23,160.0,158.02,159.78,153.75,Apple,2017,8
2017-08-23,159.07,160.47,158.88,159.98,153.94,Apple,2017,8
2017-08-24,160.43,160.74,158.55,159.27,153.26,Apple,2017,8
2017-08-25,159.65,160.56,159.27,159.86,153.82,Apple,2017,8
2017-08-28,160.14,162.0,159.93,161.47,155.37,Apple,2017,8
2017-08-29,160.1,163.12,160.0,162.91,156.76,Apple,2017,8
2017-08-30,163.8,163.89,162.61,163.35,157.18,Apple,2017,8
2017-08-31,163.64,164.52,163.48,164.0,157.81,Apple,2017,8
2017-09-01,164.8,164.94,163.63,164.05,157.86,Apple,2017,9
2017-09-05,163.75,164.25,160.56,162.08,155.96,Apple,2017,9
2017-09-06,162.71,162.99,160.52,161.91,155.8,Apple,2017,9
2017-09-07,162.09,162.24,160.36,161.26,155.17,Apple,2017,9
2017-09-08,160.86,161.15,158.53,158.63,152.64,Apple,2017,9
2017-09-11,160.5,162.05,159.89,161.5,155.4,Apple,2017,9
2017-09-12,162.61,163.96,158.77,160.86,154.79,Apple,2017,9
2017-09-13,159.87,159.96,157.91,159.65,153.62,Apple,2017,9
2017-09-14,158.99,159.4,158.09,158.28,152.3,Apple,2017,9
2017-09-15,158.47,160.97,158.0,159.88,153.84,Apple,2017,9
2017-09-18,160.11,160.5,158.0,158.67,152.68,Apple,2017,9
2017-09-19,159.51,159.77,158.44,158.73,152.74,Apple,2017,9
2017-09-20,157.9,158.26,153.83,156.07,150.18,Apple,2017,9
2017-09-21,155.8,155.8,152.75,153.39,147.6,Apple,2017,9
2017-09-22,152.02,152.27,150.56,151.89,146.15,Apple,2017,9
2017-09-25,149.99,151.83,149.16,150.55,144.86,Apple,2017,9
2017-09-26,151.78,153.92,151.69,153.14,147.36,Apple,2017,9
2017-09-27,153.8,154.72,153.54,154.23,148.41,Apple,2017,9
2017-09-28,153.89,154.28,152.7,153.28,147.49,Apple,2017,9
2017-09-29,153.21,154.13,152.0,154.12,148.3,Apple,2017,9
2017-10-02,154.26,154.45,152.72,153.81,148.0,Apple,2017,10
2017-10-03,154.01,155.09,153.91,154.48,148.65,Apple,2017,10
2017-10-04,153.63,153.86,152.46,153.48,147.68,Apple,2017,10
2017-10-05,154.18,155.44,154.05,155.39,149.52,Apple,2017,10
2017-10-06,154.97,155.49,154.56,155.3,149.44,Apple,2017,10
2017-10-09,155.81,156.73,155.49,155.84,149.96,Apple,2017,10
2017-10-10,156.06,158.0,155.1,155.9,150.01,Apple,2017,10
2017-10-11,155.97,156.98,155.75,156.55,150.64,Apple,2017,10
2017-10-12,156.35,157.37,155.73,156.0,150.11,Apple,2017,10
2017-10-13,156.73,157.28,156.41,156.99,151.06,Apple,2017,10
2017-10-16,157.9,160.0,157.65,159.88,153.84,Apple,2017,10
2017-10-17,159.78,160.87,159.23,160.47,154.41,Apple,2017,10
2017-10-18,160.42,160.71,159.6,159.76,153.73,Apple,2017,10
2017-10-19,156.75,157.08,155.02,155.98,150.09,Apple,2017,10
2017-10-20,156.61,157.75,155.96,156.25,150.35,Apple,2017,10
2017-10-23,156.89,157.69,155.5,156.17,150.27,Apple,2017,10
2017-10-24,156.29,157.42,156.2,157.1,151.17,Apple,2017,10
2017-10-25,156.91,157.55,155.27,156.41,150.5,Apple,2017,10
2017-10-26,157.23,157.83,156.78,157.41,151.47,Apple,2017,10
2017-10-27,159.29,163.6,158.7,163.05,156.89,Apple,2017,10
2017-10-30,163.89,168.07,163.72,166.72,160.42,Apple,2017,10
2017-10-31,167.9,169.65,166.94,169.04,162.66,Apple,2017,10
2017-11-01,169.87,169.94,165.61,166.89,160.59,Apple,2017,11
2017-11-02,167.64,168.5,165.28,168.11,161.76,Apple,2017,11
2017-11-03,174.0,174.26,171.12,172.5,165.99,Apple,2017,11
2017-11-06,172.36,174.99,171.72,174.25,167.67,Apple,2017,11
2017-11-07,173.91,175.25,173.6,174.81,168.21,Apple,2017,11
2017-11-08,174.66,176.24,174.33,176.24,169.58,Apple,2017,11
2017-11-09,175.11,176.1,173.14,175.88,169.24,Apple,2017,11
2017-11-10,175.11,175.38,174.27,174.67,168.68,Apple,2017,11
2017-11-13,173.5,174.5,173.4,173.97,168.0,Apple,2017,11
2017-11-14,173.04,173.48,171.18,171.34,165.46,Apple,2017,11
2017-11-15,169.97,170.32,168.38,169.08,163.28,Apple,2017,11
2017-11-16,171.18,171.87,170.3,171.1,165.23,Apple,2017,11
2017-11-17,171.04,171.39,169.64,170.15,164.32,Apple,2017,11
2017-11-20,170.29,170.56,169.56,169.98,164.15,Apple,2017,11
2017-11-21,170.78,173.7,170.78,173.14,167.2,Apple,2017,11
2017-11-22,173.36,175.0,173.05,174.96,168.96,Apple,2017,11
2017-11-24,175.1,175.5,174.65,174.97,168.97,Apple,2017,11
2017-11-27,175.05,175.08,173.34,174.09,168.12,Apple,2017,11
2017-11-28,174.3,174.87,171.86,173.07,167.14,Apple,2017,11
2017-11-29,172.63,172.92,167.16,169.48,163.67,Apple,2017,11
2017-11-30,170.43,172.14,168.44,171.85,165.96,Apple,2017,11
2017-12-01,169.95,171.67,168.5,171.05,165.18,Apple,2017,12
2017-12-04,172.48,172.62,169.63,169.8,163.98,Apple,2017,12
2017-12-05,169.06,171.52,168.4,169.64,163.82,Apple,2017,12
2017-12-06,167.5,170.2,166.46,169.01,163.21,Apple,2017,12
2017-12-07,169.03,170.44,168.91,169.32,163.51,Apple,2017,12
2017-12-08,170.49,171.0,168.82,169.37,163.56,Apple,2017,12
2017-12-11,169.2,172.89,168.79,172.67,166.75,Apple,2017,12
2017-12-12,172.15,172.39,171.46,171.7,165.81,Apple,2017,12
2017-12-13,172.5,173.54,172.0,172.27,166.36,Apple,2017,12
2017-12-14,172.4,173.13,171.65,172.22,166.31,Apple,2017,12
2017-12-15,173.63,174.17,172.46,173.97,168.0,Apple,2017,12
2017-12-18,174.88,177.2,174.86,176.42,170.37,Apple,2017,12
2017-12-19,175.03,175.39,174.09,174.54,168.55,Apple,2017,12
2017-12-20,174.87,175.42,173.25,174.35,168.37,Apple,2017,12
2017-12-21,174.17,176.02,174.1,175.01,169.01,Apple,2017,12
2017-12-22,174.68,175.42,174.5,175.01,169.01,Apple,2017,12
2017-12-26,170.8,171.47,169.68,170.57,164.72,Apple,2017,12
2017-12-27,170.1,170.78,169.71,170.6,164.75,Apple,2017,12
2017-12-28,171.0,171.85,170.48,171.08,165.21,Apple,2017,12
2017-12-29,170.52,170.59,169.22,169.23,163.43,Apple,2017,12
2018-01-02,170.16,172.3,169.26,172.26,166.35,Apple,2018,1
2018-01-03,172.53,174.55,171.96,172.23,166.32,Apple,2018,1
2018-01-04,172.54,173.47,172.08,173.03,167.1,Apple,2018,1
2018-01-05,173.44,175.37,173.05,175.0,169.0,Apple,2018,1
2018-01-08,174.35,175.61,173.93,174.35,168.37,Apple,2018,1
2018-01-09,174.55,175.06,173.41,174.33,168.35,Apple,2018,1
2018-01-10,173.16,174.3,173.0,174.29,168.31,Apple,2018,1
2018-01-11,174.59,175.49,174.49,175.28,169.27,Apple,2018,1
2018-01-12,176.18,177.36,175.65,177.09,171.02,Apple,2018,1
2018-01-16,177.9,179.39,176.14,176.19,170.15,Apple,2018,1
2018-01-17,176.15,179.25,175.07,179.1,172.96,Apple,2018,1
2018-01-18,179.37,180.1,178.25,179.26,173.11,Apple,2018,1
2018-01-19,178.61,179.58,177.41,178.46,172.34,Apple,2018,1
2018-01-22,177.3,177.78,176.6,177.0,170.93,Apple,2018,1
2018-01-23,177.3,179.44,176.82,177.04,170.97,Apple,2018,1
2018-01-24,177.25,177.3,173.2,174.22,168.25,Apple,2018,1
2018-01-25,174.5,174.95,170.53,171.11,165.24,Apple,2018,1
2018-01-26,172.0,172.0,170.06,171.51,165.63,Apple,2018,1
2018-01-29,170.16,170.16,167.07,167.96,162.2,Apple,2018,1
2018-01-30,165.52,167.37,164.7,166.97,161.24,Apple,2018,1
2018-01-31,166.87,168.44,166.5,167.43,161.69,Apple,2018,1
2018-02-01,167.16,168.62,166.76,167.78,162.03,Apple,2018,2
2018-02-02,166.0,166.8,160.1,160.5,155.0,Apple,2018,2
2018-02-05,159.1,163.88,156.0,156.49,151.12,Apple,2018,2
2018-02-06,154.83,163.72,154.0,163.03,157.44,Apple,2018,2
2018-02-07,163.08,163.4,159.07,159.54,154.07,Apple,2018,2
2018-02-08,160.29,161.0,155.03,155.15,149.83,Apple,2018,2
2018-02-09,157.07,157.89,150.24,156.41,151.65,Apple,2018,2
2018-02-12,158.5,163.89,157.51,162.71,157.76,Apple,2018,2
2018-02-13,161.95,164.75,161.65,164.34,159.34,Apple,2018,2
2018-02-14,163.04,167.54,162.88,167.37,162.28,Apple,2018,2
2018-02-15,169.79,173.09,169.0,172.99,167.73,Apple,2018,2
2018-02-16,172.36,174.82,171.77,172.43,167.19,Apple,2018,2
2018-02-20,172.05,174.26,171.42,171.85,166.63,Apple,2018,2
2018-02-21,172.83,174.12,171.01,171.07,165.87,Apple,2018,2
2018-02-22,171.8,173.95,171.71,172.5,167.26,Apple,2018,2
2018-02-23,173.67,175.65,173.54,175.5,170.16,Apple,2018,2
2018-02-26,176.35,179.39,176.21,178.97,173.53,Apple,2018,2
2018-02-27,179.1,180.48,178.16,178.39,172.97,Apple,2018,2
2018-02-28,179.26,180.62,178.05,178.12,172.7,Apple,2018,2
2018-03-01,178.54,179.78,172.66,175.0,169.68,Apple,2018,3
2018-03-02,172.8,176.3,172.45,176.21,170.85,Apple,2018,3
2018-03-05,175.21,177.74,174.52,176.82,171.44,Apple,2018,3
2018-03-06,177.91,178.25,176.13,176.67,171.3,Apple,2018,3
2018-03-07,174.94,175.85,174.27,175.03,169.71,Apple,2018,3
2018-03-08,175.48,177.12,175.07,176.94,171.56,Apple,2018,3
2018-03-09,177.96,180.0,177.39,179.98,174.51,Apple,2018,3
2018-03-12,180.29,182.39,180.21,181.72,176.2,Apple,2018,3
2018-03-13,182.59,183.5,179.24,179.97,174.5,Apple,2018,3
2018-03-14,180.32,180.52,177.81,178.44,173.02,Apple,2018,3
2018-03-15,178.5,180.24,178.07,178.65,173.22,Apple,2018,3
2018-03-16,178.65,179.12,177.62,178.02,172.61,Apple,2018,3
2018-03-19,177.32,177.47,173.66,175.3,169.97,Apple,2018,3
2018-03-20,175.24,176.8,174.94,175.24,169.91,Apple,2018,3
2018-03-21,175.04,175.09,171.26,171.27,166.06,Apple,2018,3
2018-03-22,170.0,172.68,168.6,168.85,163.72,Apple,2018,3
2018-03-23,168.39,169.92,164.94,164.94,159.93,Apple,2018,3
2018-03-26,168.07,173.1,166.44,172.77,167.52,Apple,2018,3
2018-03-27,173.68,175.15,166.92,168.34,163.22,Apple,2018,3
2018-03-28,167.25,170.02,165.19,166.48,161.42,Apple,2018,3
2018-03-29,167.8,171.75,166.9,167.78,162.68,Apple,2018,3
2018-04-02,167.88,168.94,164.47,166.68,161.61,Apple,2018,4
2018-04-03,167.64,168.75,164.88,168.39,163.27,Apple,2018,4
2018-04-04,164.88,172.01,164.77,171.61,166.39,Apple,2018,4
2018-04-05,172.58,174.23,172.08,172.8,167.55,Apple,2018,4
2018-04-06,170.97,172.48,168.2,168.38,163.26,Apple,2018,4
2018-04-09,169.88,173.09,169.84,170.05,164.88,Apple,2018,4
2018-04-10,173.0,174.0,171.53,173.25,167.98,Apple,2018,4
2018-04-11,172.23,173.92,171.7,172.44,167.2,Apple,2018,4
2018-04-12,173.41,175.0,173.04,174.14,168.85,Apple,2018,4
2018-04-13,174.78,175.84,173.85,174.73,169.42,Apple,2018,4
2018-04-16,175.03,176.19,174.83,175.82,170.47,Apple,2018,4
2018-04-17,176.49,178.94,176.41,178.24,172.82,Apple,2018,4
2018-04-18,177.81,178.82,176.88,177.84,172.43,Apple,2018,4
2018-04-19,174.95,175.39,172.66,172.8,167.55,Apple,2018,4
2018-04-20,170.6,171.22,165.43,165.72,160.68,Apple,2018,4
2018-04-23,166.83,166.92,164.09,165.24,160.22,Apple,2018,4
2018-04-24,165.67,166.33,161.22,162.94,157.99,Apple,2018,4
2018-04-25,162.62,165.42,162.41,163.65,158.67,Apple,2018,4
2018-04-26,164.12,165.73,163.37,164.22,159.23,Apple,2018,4
2018-04-27,164.0,164.33,160.63,162.32,157.39,Apple,2018,4
2018-04-30,162.13,167.26,161.84,165.26,160.24,Apple,2018,4
2018-05-01,166.41,169.2,165.27,169.1,163.96,Apple,2018,5
2018-05-02,175.22,177.75,173.8,176.57,171.2,Apple,2018,5
2018-05-03,175.88,177.5,174.44,176.89,171.51,Apple,2018,5
2018-05-04,178.25,184.25,178.17,183.83,178.24,Apple,2018,5
2018-05-07,185.18,187.67,184.75,185.16,179.53,Apple,2018,5
2018-05-08,184.99,186.22,183.66,186.05,180.39,Apple,2018,5
2018-05-09,186.55,187.4,185.22,187.36,181.66,Apple,2018,5
2018-05-10,187.74,190.37,187.65,190.04,184.26,Apple,2018,5
2018-05-11,189.49,190.06,187.45,188.59,183.56,Apple,2018,5
2018-05-14,189.01,189.53,187.86,188.15,183.14,Apple,2018,5
2018-05-15,186.78,187.07,185.1,186.44,181.47,Apple,2018,5
2018-05-16,186.07,188.46,186.0,188.18,183.17,Apple,2018,5
2018-05-17,188.0,188.91,186.36,186.99,182.01,Apple,2018,5
2018-05-18,187.19,187.81,186.13,186.31,181.35,Apple,2018,5
2018-05-21,188.0,189.27,186.91,187.63,182.63,Apple,2018,5
2018-05-22,188.38,188.88,186.78,187.16,182.17,Apple,2018,5
2018-05-23,186.35,188.5,185.76,188.36,183.34,Apple,2018,5
2018-05-24,188.77,188.84,186.21,188.15,183.14,Apple,2018,5
2018-05-25,188.23,189.65,187.65,188.58,183.55,Apple,2018,5
2018-05-29,187.6,188.75,186.87,187.9,182.89,Apple,2018,5
2018-05-30,187.72,188.0,186.78,187.5,182.5,Apple,2018,5
2018-05-31,187.22,188.23,186.14,186.87,181.89,Apple,2018,5
2018-06-01,187.99,190.26,187.75,190.24,185.17,Apple,2018,6
2018-06-04,191.64,193.42,191.35,191.83,186.72,Apple,2018,6
2018-06-05,193.06,193.94,192.36,193.31,188.16,Apple,2018,6
2018-06-06,193.63,194.08,191.92,193.98,188.81,Apple,2018,6
2018-06-07,194.14,194.2,192.34,193.46,188.3,Apple,2018,6
2018-06-08,191.17,192.0,189.77,191.7,186.59,Apple,2018,6
2018-06-11,191.35,191.97,190.21,191.23,186.13,Apple,2018,6
2018-06-12,191.38,192.61,191.15,192.28,187.16,Apple,2018,6
2018-06-13,192.42,192.88,190.44,190.7,185.62,Apple,2018,6
2018-06-14,191.55,191.57,190.22,190.8,185.72,Apple,2018,6
2018-06-15,190.03,190.16,188.26,188.84,183.81,Apple,2018,6
2018-06-18,187.88,189.22,187.2,188.74,183.71,Apple,2018,6
2018-06-19,185.14,186.33,183.45,185.69,180.74,Apple,2018,6
2018-06-20,186.35,187.2,185.73,186.5,181.53,Apple,2018,6
2018-06-21,187.25,188.35,184.94,185.46,180.52,Apple,2018,6
2018-06-22,186.12,186.15,184.7,184.92,179.99,Apple,2018,6
2018-06-25,183.4,184.92,180.73,182.17,177.32,Apple,2018,6
2018-06-26,182.99,186.53,182.54,184.43,179.52,Apple,2018,6
2018-06-27,185.23,187.28,184.03,184.16,179.25,Apple,2018,6
2018-06-28,184.1,186.21,183.8,185.5,180.56,Apple,2018,6
2018-06-29,186.29,187.19,182.91,185.11,180.18,Apple,2018,6
2018-07-02,183.82,187.3,183.42,187.18,182.19,Apple,2018,7
2018-07-03,187.79,187.95,183.54,183.92,179.02,Apple,2018,7
2018-07-05,185.26,186.41,184.28,185.4,180.46,Apple,2018,7
2018-07-06,185.42,188.43,185.2,187.97,182.96,Apple,2018,7
2018-07-09,189.5,190.68,189.3,190.58,185.5,Apple,2018,7
2018-07-10,190.71,191.28,190.18,190.35,185.28,Apple,2018,7
2018-07-11,188.5,189.78,187.61,187.88,182.87,Apple,2018,7
2018-07-12,189.53,191.41,189.31,191.03,185.94,Apple,2018,7
2018-07-13,191.08,191.84,190.9,191.33,186.23,Apple,2018,7
2018-07-16,191.52,192.65,190.42,190.91,185.82,Apple,2018,7
2018-07-17,189.75,191.87,189.2,191.45,186.35,Apple,2018,7
2018-07-18,191.78,191.8,189.93,190.4,185.33,Apple,2018,7
2018-07-19,189.69,192.55,189.69,191.88,186.77,Apple,2018,7
2018-07-20,191.78,192.43,190.17,191.44,186.34,Apple,2018,7
2018-07-23,190.68,191.96,189.56,191.61,186.5,Apple,2018,7
2018-07-24,192.45,193.66,192.05,193.0,187.86,Apple,2018,7
2018-07-25,193.06,194.85,192.43,194.82,189.63,Apple,2018,7
2018-07-26,194.61,195.96,193.61,194.21,189.03,Apple,2018,7
2018-07-27,194.99,195.19,190.1,190.98,185.89,Apple,2018,7
2018-07-30,191.9,192.2,189.07,189.91,184.85,Apple,2018,7
2018-07-31,190.3,192.14,189.34,190.29,185.22,Apple,2018,7
2018-08-01,199.13,201.76,197.31,201.5,196.13,Apple,2018,8
2018-08-02,200.58,208.38,200.35,207.39,201.86,Apple,2018,8
2018-08-03,207.03,208.74,205.48,207.99,202.45,Apple,2018,8
2018-08-06,208.0,209.25,207.07,209.07,203.5,Apple,2018,8
2018-08-07,209.32,209.5,206.76,207.11,201.59,Apple,2018,8
2018-08-08,206.05,207.81,204.52,207.25,201.73,Apple,2018,8
2018-08-09,207.28,209.78,207.2,208.88,203.31,Apple,2018,8
2018-08-10,207.36,209.1,206.67,207.53,202.71,Apple,2018,8
2018-08-13,207.7,210.95,207.7,208.87,204.02,Apple,2018,8
2018-08-14,210.16,210.56,208.26,209.75,204.88,Apple,2018,8
2018-08-15,209.22,210.74,208.33,210.24,205.36,Apple,2018,8
2018-08-16,211.75,213.81,211.47,213.32,208.37,Apple,2018,8
2018-08-17,213.44,217.95,213.16,217.58,212.53,Apple,2018,8
2018-08-20,218.1,219.18,215.11,215.46,210.46,Apple,2018,8
2018-08-21,216.8,217.19,214.02,215.04,210.05,Apple,2018,8
2018-08-22,214.1,216.36,213.84,215.05,210.06,Apple,2018,8
2018-08-23,214.65,217.05,214.6,215.49,210.49,Apple,2018,8
2018-08-24,216.6,216.9,215.11,216.16,211.14,Apple,2018,8
2018-08-27,217.15,218.74,216.33,217.94,212.88,Apple,2018,8
2018-08-28,219.01,220.54,218.92,219.7,214.6,Apple,2018,8
2018-08-29,220.15,223.49,219.41,222.98,217.8,Apple,2018,8
2018-08-30,223.25,228.26,222.4,225.03,219.8,Apple,2018,8
2018-08-31,226.51,228.87,226.0,227.63,222.34,Apple,2018,8
2018-09-04,228.41,229.18,226.63,228.36,223.06,Apple,2018,9
2018-09-05,228.99,229.67,225.1,226.87,221.6,Apple,2018,9
2018-09-06,226.23,227.35,221.3,223.1,217.92,Apple,2018,9
2018-09-07,221.85,225.37,220.71,221.3,216.16,Apple,2018,9
2018-09-10,220.95,221.85,216.47,218.33,213.26,Apple,2018,9
2018-09-11,218.01,224.3,216.56,223.85,218.65,Apple,2018,9
2018-09-12,224.94,225.0,219.84,221.07,215.94,Apple,2018,9
2018-09-13,223.52,228.35,222.57,226.41,221.15,Apple,2018,9
2018-09-14,225.75,226.84,222.52,223.84,218.64,Apple,2018,9
2018-09-17,222.15,222.95,217.27,217.88,212.82,Apple,2018,9
2018-09-18,217.79,221.85,217.12,218.24,213.17,Apple,2018,9
2018-09-19,218.5,219.62,215.3,218.37,213.3,Apple,2018,9
2018-09-20,220.24,222.28,219.15,220.03,214.92,Apple,2018,9
2018-09-21,220.78,221.36,217.29,217.66,212.6,Apple,2018,9
2018-09-24,216.82,221.26,216.63,220.79,215.66,Apple,2018,9
2018-09-25,219.75,222.82,219.7,222.19,217.03,Apple,2018,9
2018-09-26,221.0,223.75,219.76,220.42,215.3,Apple,2018,9
2018-09-27,223.82,226.44,223.54,224.95,219.73,Apple,2018,9
2018-09-28,224.79,225.84,224.02,225.74,220.5,Apple,2018,9
2018-10-01,227.95,229.42,226.35,227.26,221.98,Apple,2018,10
2018-10-02,227.25,230.0,226.63,229.28,223.96,Apple,2018,10
2018-10-03,230.05,233.47,229.78,232.07,226.68,Apple,2018,10
2018-10-04,230.78,232.35,226.73,227.99,222.7,Apple,2018,10
2018-10-05,227.96,228.41,220.58,224.29,219.08,Apple,2018,10
2018-10-08,222.21,224.8,220.2,223.77,218.57,Apple,2018,10
2018-10-09,223.64,227.27,222.25,226.87,221.6,Apple,2018,10
2018-10-10,225.46,226.35,216.05,216.36,211.34,Apple,2018,10
2018-10-11,214.52,219.5,212.32,214.45,209.47,Apple,2018,10
2018-10-12,220.42,222.88,216.84,222.11,216.95,Apple,2018,10
2018-10-15,221.16,221.83,217.27,217.36,212.31,Apple,2018,10
2018-10-16,218.93,222.99,216.76,222.15,216.99,Apple,2018,10
2018-10-17,222.3,222.64,219.34,221.19,216.05,Apple,2018,10
2018-10-18,217.86,219.74,213.0,216.02,211.0,Apple,2018,10
2018-10-19,218.06,221.26,217.43,219.31,214.22,Apple,2018,10
2018-10-22,219.79,223.36,218.94,220.65,215.53,Apple,2018,10
2018-10-23,215.83,223.25,214.7,222.73,217.56,Apple,2018,10
2018-10-24,222.6,224.23,214.54,215.09,210.09,Apple,2018,10
2018-10-25,217.71,221.38,216.75,219.8,214.7,Apple,2018,10
2018-10-26,215.9,220.19,212.67,216.3,211.28,Apple,2018,10
2018-10-29,219.19,219.69,206.09,212.24,207.31,Apple,2018,10
2018-10-30,211.15,215.18,209.27,213.3,208.35,Apple,2018,10
2018-10-31,216.88,220.45,216.62,218.86,213.78,Apple,2018,10
2018-11-01,219.05,222.36,216.81,222.22,217.06,Apple,2018,11
2018-11-02,209.55,213.65,205.43,207.48,202.66,Apple,2018,11
2018-11-05,204.3,204.39,198.17,201.59,196.91,Apple,2018,11
2018-11-06,201.92,204.72,201.69,203.77,199.04,Apple,2018,11
2018-11-07,205.97,210.06,204.13,209.95,205.07,Apple,2018,11
2018-11-08,209.98,210.12,206.75,208.49,204.36,Apple,2018,11
2018-11-09,205.55,206.01,202.25,204.47,200.42,Apple,2018,11
2018-11-12,199.0,199.85,193.79,194.17,190.32,Apple,2018,11
2018-11-13,191.63,197.18,191.45,192.23,188.42,Apple,2018,11
2018-11-14,193.9,194.48,185.93,186.8,183.1,Apple,2018,11
2018-11-15,188.39,191.97,186.9,191.41,187.62,Apple,2018,11
2018-11-16,190.5,194.97,189.46,193.53,189.7,Apple,2018,11
2018-11-19,190.0,190.7,184.99,185.86,182.18,Apple,2018,11
2018-11-20,178.37,181.47,175.51,176.98,173.48,Apple,2018,11
2018-11-21,179.73,180.27,176.55,176.78,173.28,Apple,2018,11
2018-11-23,174.94,176.6,172.1,172.29,168.88,Apple,2018,11
2018-11-26,174.24,174.95,170.26,174.62,171.16,Apple,2018,11
2018-11-27,171.51,174.77,170.88,174.24,170.79,Apple,2018,11
2018-11-28,176.73,181.29,174.93,180.94,177.36,Apple,2018,11
2018-11-29,182.66,182.8,177.7,179.55,175.99,Apple,2018,11
2018-11-30,180.29,180.33,177.03,178.58,175.04,Apple,2018,11
2018-12-03,184.46,184.94,181.21,184.82,181.16,Apple,2018,12
2018-12-04,180.95,182.39,176.27,176.69,173.19,Apple,2018,12
2018-12-06,171.76,174.78,170.42,174.72,171.26,Apple,2018,12
2018-12-07,173.49,174.49,168.3,168.49,165.15,Apple,2018,12
2018-12-10,165.0,170.09,163.33,169.6,166.24,Apple,2018,12
2018-12-11,171.66,171.79,167.0,168.63,165.29,Apple,2018,12
2018-12-12,170.4,171.92,169.02,169.1,165.75,Apple,2018,12
2018-12-13,170.49,172.57,169.55,170.95,167.56,Apple,2018,12
2018-12-14,169.0,169.08,165.28,165.48,162.2,Apple,2018,12
2018-12-17,165.45,168.35,162.73,163.94,160.69,Apple,2018,12
2018-12-18,165.38,167.53,164.39,166.07,162.78,Apple,2018,12
2018-12-19,166.0,167.45,159.09,160.89,157.7,Apple,2018,12
2018-12-20,160.4,162.11,155.3,156.83,153.72,Apple,2018,12
2018-12-21,156.86,158.16,149.63,150.73,147.74,Apple,2018,12
2018-12-24,148.15,151.55,146.59,146.83,143.92,Apple,2018,12
2018-12-26,148.3,157.23,146.72,157.17,154.06,Apple,2018,12
2018-12-27,155.84,156.77,150.07,156.15,153.06,Apple,2018,12
2018-12-28,157.5,158.52,154.55,156.23,153.14,Apple,2018,12
2018-12-31,158.53,159.36,156.48,157.74,154.62,Apple,2018,12
2019-01-02,154.89,158.85,154.23,157.92,154.79,Apple,2019,1
2019-01-03,143.98,145.72,142.0,142.19,139.37,Apple,2019,1
2019-01-04,144.53,148.55,143.8,148.26,145.32,Apple,2019,1
2019-01-07,148.7,148.83,145.9,147.93,145.0,Apple,2019,1
2019-01-08,149.56,151.82,148.52,150.75,147.76,Apple,2019,1
2019-01-09,151.29,154.53,149.63,153.31,150.27,Apple,2019,1
2019-01-10,152.5,153.97,150.86,153.8,150.75,Apple,2019,1
2019-01-11,152.88,153.7,151.51,152.29,149.27,Apple,2019,1
2019-01-14,150.85,151.27,149.22,150.0,147.03,Apple,2019,1
2019-01-15,150.27,153.39,150.05,153.07,150.04,Apple,2019,1
2019-01-16,153.08,155.88,153.0,154.94,151.87,Apple,2019,1
2019-01-17,154.2,157.66,153.26,155.86,152.77,Apple,2019,1
2019-01-18,157.5,157.88,155.98,156.82,153.71,Apple,2019,1
2019-01-22,156.41,156.73,152.62,153.3,150.26,Apple,2019,1
2019-01-23,154.15,155.14,151.7,153.92,150.87,Apple,2019,1
2019-01-24,154.11,154.48,151.74,152.7,149.68,Apple,2019,1
2019-01-25,155.48,158.13,154.32,157.76,154.64,Apple,2019,1
2019-01-28,155.79,156.33,153.66,156.3,153.2,Apple,2019,1
2019-01-29,156.25,158.13,154.11,154.68,151.62,Apple,2019,1
2019-01-30,163.25,166.15,160.23,165.25,161.98,Apple,2019,1
2019-01-31,166.11,169.0,164.56,166.44,163.14,Apple,2019,1
2019-02-01,166.96,168.98,165.93,166.52,163.22,Apple,2019,2
2019-02-04,167.41,171.66,167.28,171.25,167.86,Apple,2019,2
2019-02-05,172.86,175.08,172.35,174.18,170.73,Apple,2019,2
2019-02-06,174.65,175.57,172.85,174.24,170.79,Apple,2019,2
2019-02-07,172.4,173.94,170.34,170.94,167.55,Apple,2019,2
2019-02-08,168.99,170.66,168.42,170.41,167.75,Apple,2019,2
2019-02-11,171.05,171.21,169.25,169.43,166.79,Apple,2019,2
2019-02-12,170.1,171.0,169.7,170.89,168.22,Apple,2019,2
2019-02-13,171.39,172.48,169.92,170.18,167.52,Apple,2019,2
2019-02-14,169.71,171.26,169.38,170.8,168.13,Apple,2019,2
2019-02-15,171.25,171.7,169.75,170.42,167.76,Apple,2019,2
2019-02-19,169.71,171.44,169.49,170.93,168.26,Apple,2019,2
2019-02-20,171.19,173.32,170.99,172.03,169.35,Apple,2019,2
2019-02-21,171.8,172.37,170.3,171.06,168.39,Apple,2019,2
2019-02-22,171.58,173.0,171.38,172.97,170.27,Apple,2019,2
2019-02-25,174.16,175.87,173.95,174.23,171.51,Apple,2019,2
2019-02-26,173.71,175.3,173.17,174.33,171.61,Apple,2019,2
2019-02-27,173.21,175.0,172.73,174.87,172.14,Apple,2019,2
2019-02-28,174.32,174.91,172.92,173.15,170.45,Apple,2019,2
2019-03-01,174.28,175.15,172.89,174.97,172.24,Apple,2019,3
2019-03-04,175.69,177.75,173.97,175.85,173.11,Apple,2019,3
2019-03-05,175.94,176.0,174.54,175.53,172.79,Apple,2019,3
2019-03-06,174.67,175.49,173.94,174.52,171.8,Apple,2019,3
2019-03-07,173.87,174.44,172.02,172.5,169.81,Apple,2019,3
2019-03-08,170.32,173.07,169.5,172.91,170.21,Apple,2019,3
2019-03-11,175.49,179.12,175.35,178.9,176.11,Apple,2019,3
2019-03-12,180.0,182.67,179.37,180.91,178.09,Apple,2019,3
2019-03-13,182.25,183.3,180.92,181.71,178.87,Apple,2019,3
2019-03-14,183.9,184.1,182.56,183.73,180.86,Apple,2019,3
2019-03-15,184.85,187.33,183.74,186.12,183.22,Apple,2019,3
2019-03-18,185.8,188.39,185.79,188.02,185.09,Apple,2019,3
2019-03-19,188.35,188.99,185.92,186.53,183.62,Apple,2019,3
2019-03-20,186.23,189.49,184.73,188.16,185.22,Apple,2019,3
2019-03-21,190.02,196.33,189.81,195.09,192.05,Apple,2019,3
2019-03-22,195.34,197.69,190.78,191.05,188.07,Apple,2019,3
2019-03-25,191.51,191.98,186.6,188.74,185.79,Apple,2019,3
2019-03-26,191.66,192.88,184.58,186.79,183.88,Apple,2019,3
2019-03-27,188.75,189.76,186.55,188.47,185.53,Apple,2019,3
2019-03-28,188.95,189.56,187.53,188.72,185.77,Apple,2019,3
2019-03-29,189.83,190.08,188.54,189.95,186.99,Apple,2019,3
2019-04-01,191.64,191.68,188.38,191.24,188.26,Apple,2019,4
2019-04-02,191.09,194.46,191.05,194.02,190.99,Apple,2019,4
2019-04-03,193.25,196.5,193.15,195.35,192.3,Apple,2019,4
2019-04-04,194.79,196.37,193.14,195.69,192.64,Apple,2019,4
2019-04-05,196.45,197.1,195.93,197.0,193.93,Apple,2019,4
2019-04-08,196.42,200.23,196.34,200.1,196.98,Apple,2019,4
2019-04-09,200.32,202.85,199.23,199.5,196.39,Apple,2019,4
2019-04-10,198.68,200.74,198.18,200.62,197.49,Apple,2019,4
2019-04-11,200.85,201.0,198.44,198.95,195.85,Apple,2019,4
2019-04-12,199.2,200.14,196.21,198.87,195.77,Apple,2019,4
2019-04-15,198.58,199.85,198.01,199.23,196.12,Apple,2019,4
2019-04-16,199.46,201.37,198.56,199.25,196.14,Apple,2019,4
2019-04-17,199.54,203.38,198.61,203.13,199.96,Apple,2019,4
2019-04-18,203.12,204.15,202.52,203.86,200.68,Apple,2019,4
2019-04-22,202.83,204.94,202.34,204.53,201.34,Apple,2019,4
2019-04-23,204.43,207.75,203.9,207.48,204.24,Apple,2019,4
2019-04-24,207.36,208.48,207.05,207.16,203.93,Apple,2019,4
2019-04-25,206.83,207.76,205.12,205.28,202.08,Apple,2019,4
2019-04-26,204.9,205.0,202.12,204.3,201.11,Apple,2019,4
2019-04-29,204.4,205.97,203.86,204.61,201.42,Apple,2019,4
2019-04-30,203.06,203.4,199.11,200.67,197.54,Apple,2019,4
2019-05-01,209.88,215.31,209.23,210.52,207.23,Apple,2019,5
2019-05-02,209.84,212.65,208.13,209.15,205.89,Apple,2019,5
2019-05-03,210.89,211.84,210.23,211.75,208.45,Apple,2019,5
2019-05-06,204.29,208.84,203.5,208.48,205.23,Apple,2019,5
2019-05-07,205.88,207.42,200.82,202.86,199.69,Apple,2019,5
2019-05-08,201.9,205.34,201.75,202.9,199.73,Apple,2019,5
2019-05-09,200.4,201.68,196.66,200.72,197.59,Apple,2019,5
2019-05-10,197.42,198.85,192.77,197.18,194.86,Apple,2019,5
2019-05-13,187.71,189.48,182.85,185.72,183.54,Apple,2019,5
2019-05-14,186.41,189.7,185.41,188.66,186.44,Apple,2019,5
2019-05-15,186.27,191.75,186.02,190.92,188.67,Apple,2019,5
2019-05-16,189.91,192.47,188.84,190.08,187.84,Apple,2019,5
2019-05-17,186.93,190.9,186.76,189.0,186.78,Apple,2019,5
2019-05-20,183.52,184.35,180.28,183.09,180.94,Apple,2019,5
2019-05-21,185.22,188.0,184.7,186.6,184.41,Apple,2019,5
2019-05-22,184.66,185.71,182.55,182.78,180.63,Apple,2019,5
2019-05-23,179.8,180.54,177.81,179.66,177.55,Apple,2019,5
2019-05-24,180.2,182.14,178.62,178.97,176.87,Apple,2019,5
2019-05-28,178.92,180.59,177.91,178.23,176.13,Apple,2019,5
2019-05-29,176.42,179.35,176.0,177.38,175.29,Apple,2019,5
2019-05-30,177.95,179.23,176.67,178.3,176.2,Apple,2019,5
2019-05-31,176.23,177.99,174.99,175.07,173.01,Apple,2019,5
2019-06-03,175.6,177.92,170.27,173.3,171.26,Apple,2019,6
2019-06-04,175.44,179.83,174.52,179.64,177.53,Apple,2019,6
2019-06-05,184.28,184.99,181.14,182.54,180.39,Apple,2019,6
2019-06-06,183.08,185.47,182.15,185.22,183.04,Apple,2019,6
2019-06-07,186.51,191.92,185.77,190.15,187.91,Apple,2019,6
2019-06-10,191.81,195.37,191.62,192.58,190.31,Apple,2019,6
2019-06-11,194.86,196.0,193.6,194.81,192.52,Apple,2019,6
2019-06-12,193.95,195.97,193.38,194.19,191.91,Apple,2019,6
2019-06-13,194.7,196.79,193.6,194.15,191.87,Apple,2019,6
2019-06-14,191.54,193.59,190.3,192.74,190.47,Apple,2019,6
2019-06-17,192.9,194.96,192.17,193.89,191.61,Apple,2019,6
2019-06-18,196.05,200.29,195.21,198.45,196.12,Apple,2019,6
2019-06-19,199.68,199.88,197.31,197.87,195.54,Apple,2019,6
2019-06-20,200.37,200.61,198.03,199.46,197.11,Apple,2019,6
2019-06-21,198.8,200.85,198.15,198.78,196.44,Apple,2019,6
2019-06-24,198.54,200.16,198.17,198.58,196.24,Apple,2019,6
2019-06-25,198.43,199.26,195.29,195.57,193.27,Apple,2019,6
2019-06-26,197.77,200.99,197.35,199.8,197.45,Apple,2019,6
2019-06-27,200.29,201.57,199.57,199.74,197.39,Apple,2019,6
2019-06-28,198.68,199.5,197.05,197.92,195.59,Apple,2019,6
2019-07-01,203.17,204.49,200.65,201.55,199.18,Apple,2019,7
2019-07-02,201.41,203.13,201.36,202.73,200.35,Apple,2019,7
2019-07-03,203.28,204.44,202.69,204.41,202.01,Apple,2019,7
2019-07-05,203.35,205.08,202.9,204.23,201.83,Apple,2019,7
2019-07-08,200.81,201.4,198.41,200.02,197.67,Apple,2019,7
2019-07-09,199.2,201.51,198.81,201.24,198.87,Apple,2019,7
2019-07-10,201.85,203.73,201.56,203.23,200.84,Apple,2019,7
2019-07-11,203.31,204.39,201.71,201.75,199.38,Apple,2019,7
2019-07-12,202.45,204.0,202.2,203.3,200.91,Apple,2019,7
2019-07-15,204.09,205.87,204.0,205.21,202.8,Apple,2019,7
2019-07-16,204.59,206.11,203.5,204.5,202.09,Apple,2019,7
2019-07-17,204.05,205.09,203.27,203.35,200.96,Apple,2019,7
2019-07-18,204.0,205.88,203.7,205.66,203.24,Apple,2019,7
2019-07-19,205.79,206.5,202.36,202.59,200.21,Apple,2019,7
2019-07-22,203.65,207.23,203.61,207.22,204.78,Apple,2019,7
2019-07-23,208.46,208.91,207.29,208.84,206.38,Apple,2019,7
2019-07-24,207.67,209.15,207.17,208.67,206.22,Apple,2019,7
2019-07-25,208.89,209.24,206.73,207.02,204.59,Apple,2019,7
2019-07-26,207.48,209.73,207.14,207.74,205.3,Apple,2019,7
2019-07-29,208.46,210.64,208.44,209.68,207.21,Apple,2019,7
2019-07-30,208.76,210.16,207.31,208.78,206.32,Apple,2019,7
2019-07-31,216.42,221.37,211.3,213.04,210.53,Apple,2019,7
2019-08-01,213.9,218.03,206.74,208.43,205.98,Apple,2019,8
2019-08-02,205.53,206.43,201.63,204.02,201.62,Apple,2019,8
2019-08-05,197.99,198.65,192.58,193.34,191.07,Apple,2019,8
2019-08-06,196.31,198.07,194.04,197.0,194.68,Apple,2019,8
2019-08-07,195.41,199.56,193.82,199.04,196.7,Apple,2019,8
2019-08-08,200.2,203.53,199.39,203.43,201.04,Apple,2019,8
2019-08-09,201.3,202.76,199.29,200.99,199.39,Apple,2019,8
2019-08-12,199.62,202.05,199.15,200.48,198.88,Apple,2019,8
2019-08-13,201.02,212.14,200.83,208.97,207.3,Apple,2019,8
2019-08-14,203.16,206.44,202.59,202.75,201.13,Apple,2019,8
2019-08-15,203.46,205.14,199.67,201.74,200.13,Apple,2019,8
2019-08-16,204.28,207.16,203.84,206.5,204.85,Apple,2019,8
2019-08-19,210.62,212.73,210.02,210.35,208.67,Apple,2019,8
2019-08-20,210.88,213.35,210.32,210.36,208.68,Apple,2019,8
2019-08-21,212.99,213.65,211.6,212.64,210.94,Apple,2019,8
2019-08-22,213.19,214.44,210.75,212.46,210.77,Apple,2019,8
2019-08-23,209.43,212.05,201.0,202.64,201.02,Apple,2019,8
2019-08-26,205.86,207.19,205.06,206.49,204.84,Apple,2019,8
2019-08-27,207.86,208.55,203.53,204.16,202.53,Apple,2019,8
2019-08-28,204.1,205.72,203.32,205.53,203.89,Apple,2019,8
2019-08-29,208.5,209.32,206.66,209.01,207.34,Apple,2019,8
2019-08-30,210.16,210.45,207.2,208.74,207.08,Apple,2019,8
2019-09-03,206.43,206.98,204.22,205.7,204.06,Apple,2019,9
2019-09-04,208.39,209.48,207.32,209.19,207.52,Apple,2019,9
2019-09-05,212.0,213.97,211.51,213.28,211.58,Apple,2019,9
2019-09-06,214.05,214.42,212.51,213.26,211.56,Apple,2019,9
2019-09-09,214.84,216.44,211.07,214.17,212.46,Apple,2019,9
2019-09-10,213.86,216.78,211.71,216.7,214.97,Apple,2019,9
2019-09-11,218.07,223.71,217.73,223.59,221.81,Apple,2019,9
2019-09-12,224.8,226.42,222.86,223.08,221.31,Apple,2019,9
2019-09-13,220.0,220.79,217.02,218.75,217.01,Apple,2019,9
2019-09-16,217.73,220.13,217.56,219.9,218.15,Apple,2019,9
2019-09-17,219.96,220.82,219.12,220.7,218.94,Apple,2019,9
2019-09-18,221.06,222.85,219.44,222.77,220.99,Apple,2019,9
2019-09-19,222.01,223.76,220.37,220.96,219.2,Apple,2019,9
2019-09-20,221.38,222.56,217.47,217.73,215.99,Apple,2019,9
2019-09-23,218.95,219.84,217.65,218.72,216.98,Apple,2019,9
2019-09-24,221.06,222.49,217.19,217.68,215.94,Apple,2019,9
2019-09-25,218.55,221.5,217.14,221.03,219.27,Apple,2019,9
2019-09-26,220.0,220.94,218.83,219.89,218.14,Apple,2019,9
2019-09-27,220.54,220.96,217.28,218.82,217.07,Apple,2019,9
2019-09-30,220.9,224.58,220.79,223.97,222.18,Apple,2019,9
2019-10-01,225.07,228.22,224.2,224.59,222.8,Apple,2019,10
2019-10-02,223.06,223.58,217.93,218.96,217.21,Apple,2019,10
2019-10-03,218.43,220.96,215.13,220.82,219.06,Apple,2019,10
2019-10-04,225.64,227.49,223.89,227.01,225.2,Apple,2019,10
2019-10-07,226.27,229.93,225.84,227.06,225.25,Apple,2019,10
2019-10-08,225.82,228.06,224.33,224.4,222.61,Apple,2019,10
2019-10-09,227.03,227.79,225.64,227.03,225.22,Apple,2019,10
2019-10-10,227.93,230.44,227.3,230.09,228.25,Apple,2019,10
2019-10-11,232.95,237.64,232.31,236.21,234.33,Apple,2019,10
2019-10-14,234.9,238.13,234.67,235.87,233.99,Apple,2019,10
2019-10-15,236.39,237.65,234.88,235.32,233.44,Apple,2019,10
2019-10-16,233.37,235.24,233.2,234.37,232.5,Apple,2019,10
2019-10-17,235.09,236.15,233.52,235.28,233.4,Apple,2019,10
2019-10-18,234.59,237.58,234.29,236.41,234.52,Apple,2019,10
2019-10-21,237.52,240.99,237.32,240.51,238.59,Apple,2019,10
2019-10-22,241.16,242.2,239.62,239.96,238.05,Apple,2019,10
2019-10-23,242.1,243.24,241.22,243.18,241.24,Apple,2019,10
2019-10-24,244.51,244.8,241.8,243.58,241.64,Apple,2019,10
2019-10-25,243.16,246.73,242.88,246.58,244.61,Apple,2019,10
2019-10-28,247.42,249.25,246.72,249.05,247.06,Apple,2019,10
2019-10-29,248.97,249.75,242.57,243.29,241.35,Apple,2019,10
2019-10-30,244.76,245.3,241.21,243.26,241.32,Apple,2019,10
2019-10-31,247.24,249.17,237.26,248.76,246.78,Apple,2019,10
2019-11-01,249.54,255.93,249.16,255.82,253.78,Apple,2019,11
2019-11-04,257.33,257.85,255.38,257.5,255.45,Apple,2019,11
2019-11-05,257.05,258.19,256.32,257.13,255.08,Apple,2019,11
2019-11-06,256.77,257.49,255.36,257.24,255.19,Apple,2019,11
2019-11-07,258.74,260.35,258.11,259.43,258.12,Apple,2019,11
2019-11-08,258.69,260.44,256.85,260.14,258.83,Apple,2019,11
2019-11-11,258.3,262.47,258.28,262.2,260.88,Apple,2019,11
2019-11-12,261.55,262.79,260.92,261.96,260.64,Apple,2019,11
2019-11-13,261.13,264.78,261.07,264.47,263.14,Apple,2019,11
2019-11-14,263.75,264.88,262.1,262.64,261.32,Apple,2019,11
2019-11-15,263.68,265.78,263.01,265.76,264.42,Apple,2019,11
2019-11-18,265.8,267.43,264.23,267.1,265.76,Apple,2019,11
2019-11-19,267.9,268.0,265.39,266.29,264.95,Apple,2019,11
2019-11-20,265.54,266.08,260.4,263.19,261.87,Apple,2019,11
2019-11-21,263.69,264.0,261.18,262.01,260.69,Apple,2019,11
2019-11-22,262.59,263.18,260.84,261.78,260.46,Apple,2019,11
2019-11-25,262.71,266.44,262.52,266.37,265.03,Apple,2019,11
2019-11-26,266.94,267.16,262.5,264.29,262.96,Apple,2019,11
2019-11-27,265.58,267.98,265.31,267.84,266.49,Apple,2019,11
2019-11-29,266.6,268.0,265.9,267.25,265.91,Apple,2019,11
2019-12-02,267.27,268.25,263.45,264.16,262.83,Apple,2019,12
2019-12-03,258.31,259.53,256.29,259.45,258.14,Apple,2019,12
2019-12-04,261.07,263.31,260.68,261.74,260.42,Apple,2019,12
2019-12-05,263.79,265.89,262.73,265.58,264.24,Apple,2019,12
2019-12-06,267.48,271.0,267.3,270.71,269.35,Apple,2019,12
2019-12-09,270.0,270.8,264.91,266.92,265.58,Apple,2019,12
2019-12-10,268.6,270.07,265.86,268.48,267.13,Apple,2019,12
2019-12-11,268.81,271.1,268.5,270.77,269.41,Apple,2019,12
2019-12-12,267.78,272.56,267.32,271.46,270.09,Apple,2019,12
2019-12-13,271.46,275.3,270.93,275.15,273.77,Apple,2019,12
2019-12-16,277.0,280.79,276.98,279.86,278.45,Apple,2019,12
2019-12-17,279.57,281.77,278.8,280.41,279.0,Apple,2019,12
2019-12-18,279.8,281.9,279.12,279.74,278.33,Apple,2019,12
2019-12-19,279.5,281.18,278.95,280.02,278.61,Apple,2019,12
2019-12-20,282.23,282.65,278.56,279.44,278.03,Apple,2019,12
2019-12-23,280.53,284.25,280.37,284.0,282.57,Apple,2019,12
2019-12-24,284.69,284.89,282.92,284.27,282.84,Apple,2019,12
2019-12-26,284.82,289.98,284.7,289.91,288.45,Apple,2019,12
2019-12-27,291.12,293.97,288.12,289.8,288.34,Apple,2019,12
2019-12-30,289.46,292.69,285.22,291.52,290.05,Apple,2019,12
2019-12-31,289.93,293.68,289.52,293.65,292.17,Apple,2019,12
2020-01-02,296.24,300.6,295.19,300.35,298.84,Apple,2020,1
2020-01-03,297.15,300.58,296.5,297.43,295.93,Apple,2020,1
2020-01-06,293.79,299.96,292.75,299.8,298.29,Apple,2020,1
2020-01-07,299.84,300.9,297.48,298.39,296.89,Apple,2020,1
2020-01-08,297.16,304.44,297.16,303.19,301.66,Apple,2020,1
2020-01-09,307.24,310.43,306.2,309.63,308.07,Apple,2020,1
2020-01-10,310.6,312.67,308.25,310.33,308.77,Apple,2020,1
2020-01-13,311.64,317.07,311.15,316.96,315.37,Apple,2020,1
2020-01-14,316.7,317.57,312.17,312.68,311.11,Apple,2020,1
2020-01-15,311.85,315.5,309.55,311.34,309.77,Apple,2020,1
2020-01-16,313.59,315.7,312.09,315.24,313.65,Apple,2020,1
2020-01-17,316.27,318.74,315.0,318.73,317.13,Apple,2020,1
2020-01-21,317.19,319.02,316.0,316.57,314.98,Apple,2020,1
2020-01-22,318.58,319.99,317.31,317.7,316.1,Apple,2020,1
2020-01-23,317.92,319.56,315.65,319.23,317.62,Apple,2020,1
2020-01-24,320.25,323.33,317.52,318.31,316.71,Apple,2020,1
2020-01-27,310.06,311.77,304.88,308.95,307.4,Apple,2020,1
2020-01-28,312.6,318.4,312.19,317.69,316.09,Apple,2020,1
2020-01-29,324.45,327.85,321.38,324.34,322.71,Apple,2020,1
2020-01-30,320.54,324.09,318.75,323.87,322.24,Apple,2020,1
2020-01-31,320.93,322.68,308.29,309.51,307.95,Apple,2020,1
2020-02-03,304.3,313.49,302.22,308.66,307.11,Apple,2020,2
2020-02-04,315.31,319.64,313.63,318.85,317.25,Apple,2020,2
2020-02-05,323.52,324.76,318.95,321.45,319.83,Apple,2020,2
2020-02-06,322.57,325.22,320.26,325.21,323.57,Apple,2020,2
2020-02-07,322.37,323.4,318.0,320.03,319.19,Apple,2020,2
2020-02-10,314.18,321.55,313.85,321.55,320.7,Apple,2020,2
2020-02-11,323.6,323.9,318.71,319.61,318.77,Apple,2020,2
2020-02-12,321.47,327.22,321.47,327.2,326.34,Apple,2020,2
2020-02-13,324.19,326.22,323.35,324.87,324.01,Apple,2020,2
2020-02-14,324.73,325.98,322.85,324.95,324.09,Apple,2020,2
2020-02-18,315.36,319.75,314.61,319.0,318.16,Apple,2020,2
2020-02-19,320.0,324.57,320.0,323.62,322.77,Apple,2020,2
2020-02-20,322.63,324.65,318.21,320.3,319.46,Apple,2020,2
2020-02-21,318.62,320.45,310.5,313.05,312.22,Apple,2020,2
2020-02-24,297.26,304.18,289.23,298.18,297.39,Apple,2020,2
2020-02-25,300.95,302.53,286.13,288.08,287.32,Apple,2020,2
2020-02-26,286.53,297.88,286.5,292.65,291.88,Apple,2020,2
2020-02-27,281.1,286.0,272.96,273.52,272.8,Apple,2020,2
2020-02-28,257.26,278.41,256.37,273.36,272.64,Apple,2020,2
2020-03-02,282.28,301.44,277.72,298.81,298.02,Apple,2020,3
2020-03-03,303.67,304.0,285.8,289.32,288.56,Apple,2020,3
2020-03-04,296.44,303.4,293.13,302.74,301.94,Apple,2020,3
2020-03-05,295.52,299.55,291.41,292.92,292.15,Apple,2020,3
2020-03-06,282.0,290.82,281.23,289.03,288.27,Apple,2020,3
2020-03-09,263.75,278.09,263.0,266.17,265.47,Apple,2020,3
2020-03-10,277.14,286.44,269.37,285.34,284.59,Apple,2020,3
2020-03-11,277.39,281.22,271.86,275.43,274.7,Apple,2020,3
2020-03-12,255.94,270.0,248.0,248.23,247.58,Apple,2020,3
2020-03-13,264.89,279.92,252.95,277.97,277.24,Apple,2020,3
2020-03-16,241.95,259.08,240.0,242.21,241.57,Apple,2020,3
2020-03-17,247.51,257.61,238.4,252.86,252.19,Apple,2020,3
2020-03-18,239.77,250.0,237.12,246.67,246.02,Apple,2020,3
2020-03-19,247.38,252.84,242.61,244.78,244.13,Apple,2020,3
2020-03-20,247.18,251.83,228.0,229.24,228.64,Apple,2020,3
2020-03-23,228.08,228.5,212.61,224.37,223.78,Apple,2020,3
2020-03-24,236.36,247.69,234.3,246.88,246.23,Apple,2020,3
2020-03-25,250.75,258.25,244.3,245.52,244.87,Apple,2020,3
2020-03-26,246.52,258.68,246.36,258.44,257.76,Apple,2020,3
2020-03-27,252.75,255.87,247.05,247.74,247.09,Apple,2020,3
2020-03-30,250.74,255.52,249.4,254.81,254.14,Apple,2020,3
2020-03-31,255.6,262.49,252.0,254.29,253.62,Apple,2020,3
2020-04-01,246.5,248.72,239.13,240.91,240.27,Apple,2020,4
2020-04-02,240.34,245.15,236.9,244.93,244.28,Apple,2020,4
2020-04-03,242.8,245.7,238.97,241.41,240.77,Apple,2020,4
2020-04-06,250.9,263.11,249.38,262.47,261.78,Apple,2020,4
2020-04-07,270.8,271.7,259.0,259.43,258.75,Apple,2020,4
2020-04-08,262.74,267.37,261.23,266.07,265.37,Apple,2020,4
2020-04-09,268.7,270.07,264.7,267.99,267.28,Apple,2020,4
2020-04-13,268.31,273.7,265.83,273.25,272.53,Apple,2020,4
2020-04-14,280.0,288.25,278.05,287.05,286.29,Apple,2020,4
2020-04-15,282.4,286.33,280.63,284.43,283.68,Apple,2020,4
2020-04-16,287.38,288.2,282.35,286.69,285.93,Apple,2020,4
2020-04-17,284.69,286.94,276.86,282.8,282.05,Apple,2020,4
2020-04-20,277.95,281.68,276.85,276.93,276.2,Apple,2020,4
2020-04-21,276.28,277.25,265.43,268.37,267.66,Apple,2020,4
2020-04-22,273.61,277.9,272.2,276.1,275.37,Apple,2020,4
2020-04-23,275.87,281.75,274.87,275.03,274.3,Apple,2020,4
2020-04-24,277.2,283.01,277.0,282.97,282.22,Apple,2020,4
2020-04-27,281.8,284.54,279.95,283.17,282.42,Apple,2020,4
2020-04-28,285.08,285.83,278.2,278.58,277.85,Apple,2020,4
2020-04-29,284.73,289.67,283.89,287.73,286.97,Apple,2020,4
2020-04-30,289.96,294.53,288.35,293.8,293.03,Apple,2020,4
2020-05-01,286.25,299.0,285.85,289.07,288.31,Apple,2020,5
2020-05-04,289.17,293.69,286.32,293.16,292.39,Apple,2020,5
2020-05-05,295.06,301.0,294.46,297.56,296.78,Apple,2020,5
2020-05-06,300.46,303.24,298.87,300.63,299.84,Apple,2020,5
2020-05-07,303.22,305.17,301.97,303.74,302.94,Apple,2020,5
2020-05-08,305.64,310.35,304.29,310.13,310.13,Apple,2020,5
2020-05-11,308.1,317.05,307.24,315.01,315.01,Apple,2020,5
2020-05-12,317.83,319.69,310.91,311.41,311.41,Apple,2020,5
2020-05-13,312.15,315.95,303.21,307.65,307.65,Apple,2020,5
2020-05-14,304.51,309.79,301.53,309.54,309.54,Apple,2020,5
2020-05-15,300.35,307.9,300.21,307.71,307.71,Apple,2020,5
2020-05-18,313.17,316.5,310.32,314.96,314.96,Apple,2020,5
2020-05-19,315.03,318.52,313.01,313.14,313.14,Apple,2020,5
2020-05-20,316.68,319.52,316.2,319.23,319.23,Apple,2020,5
2020-05-21,318.66,320.89,315.87,316.85,316.85,Apple,2020,5
